item,category,unit,price,source,as_of,note
Long-grain white rice,base,2 lb,,,,
Jasmine rice,base,5 lb,,,,Aldi Earthly Grains $6.99 (MoneyLion Mar 2026) or $6.19 (Tasting Table 2026); article figures; verify
Brown rice,base,2 lb,,,,
Spaghetti,base,1 lb,,,,Aldi 1 lb pasta $0.98 (AOL 2025 article); verify
Penne,base,1 lb,,,,Aldi 1 lb pasta $0.98 (AOL 2025 article); verify
Elbow macaroni,base,1 lb,,,,
Rotini,base,1 lb,,,,
Egg noodles,base,12 oz,,,,
Ramen noodle packs,base,3 oz,,,,
Couscous,base,10 oz,,,,
Quinoa,base,12 oz,,,,
Rolled oats,base,42 oz,,,,
White potatoes,base,1 lb,1.00,BLS Northeast avg,Aug 2026,
Sweet potatoes,base,1 lb,,,,
Corn tortillas,base,30 ct,,,,
Flour tortillas,base,10 ct,,,,
Sandwich bread,base,1 lb,1.81,BLS Northeast avg,Aug 2025,Older data point; BLS had no Aug 2026 Northeast figure
Pita bread,base,6 ct,,,,
Frozen hash browns,base,30 oz,,,,
All-purpose flour,base,5 lb,,,,Wegmans $1.79 with Shoppers Club (Lake Grove NY insert Oct 2025; not Rochester)
Instant mashed potato flakes,base,13 oz,,,,
Large eggs,protein,12 ct,,,,Aldi Goldhen large $1.85 (MoneyLion Mar 2026 article); verify
Boneless skinless chicken breast,protein,1 lb,3.83,BLS Northeast avg,Aug 2026,Aldi family pack $1.99/lb promo (Gray News Sept 2026; through at least Nov 3)
Whole chicken,protein,1 lb,2.12,BLS Northeast avg,Aug 2026,
Chicken thighs bone-in,protein,1 lb,,,,
Ground beef,protein,1 lb,6.99,BLS Northeast avg,Aug 2026,BLS figure is 100% beef all grades; not 80/20 specific
Ground turkey,protein,1 lb,,,,
Boneless pork chops,protein,1 lb,4.15,BLS Northeast avg,Aug 2026,
Bacon sliced,protein,1 lb,7.54,BLS Northeast avg,Aug 2026,
Breakfast sausage,protein,12 oz,,,,
Hot dogs,protein,8 ct,,,,
Canned tuna,protein,5 oz,,,,
Canned chicken breast,protein,10 oz,,,,
Canned salmon,protein,14.75 oz,,,,
Black beans canned,protein,15 oz,,,,
Chickpeas canned,protein,15 oz,,,,
Kidney beans canned,protein,15 oz,,,,
Pinto beans canned,protein,15 oz,,,,
Refried beans canned,protein,16 oz,,,,
Dry black beans,protein,1 lb,,,,
Dry lentils,protein,1 lb,,,,
Firm tofu,protein,14 oz,,,,
Peanut butter,protein,16 oz,,,,
Frozen cooked shrimp,protein,12 oz,,,,
Frozen tilapia fillets,protein,1 lb,,,,
Shredded cheddar cheese,protein,8 oz,,,,
Frozen broccoli,veg,12 oz,,,,
Frozen mixed vegetables,veg,12 oz,,,,
Frozen spinach,veg,10 oz,,,,
Frozen peas,veg,12 oz,,,,
Frozen corn,veg,12 oz,,,,
Frozen stir-fry vegetable blend,veg,12 oz,,,,
Frozen cauliflower,veg,12 oz,,,,
Broccoli crowns,veg,1 lb,,,,
Carrots,veg,2 lb,,,,
Yellow onions,veg,3 lb,,,,
Red onion,veg,1 lb,,,,
Garlic,veg,1 head,,,,
Bell peppers,veg,each,,,,
Zucchini,veg,1 lb,,,,
Bagged spinach,veg,5 oz,,,,
Kale,veg,10 oz,,,,
Green cabbage,veg,1 lb,,,,
Romaine lettuce,veg,1 lb,3.05,BLS Northeast avg,Aug 2026,
Fresh tomatoes,veg,1 lb,2.55,BLS Northeast avg,Aug 2026,Field-grown
Canned diced tomatoes,veg,14.5 oz,,,,
Tomato sauce,veg,15 oz,,,,
Tomato paste,veg,6 oz,,,,
Canned corn,veg,15 oz,,,,
Canned green beans,veg,14.5 oz,,,,
Mushrooms sliced,veg,8 oz,,,,
Celery,veg,1 bunch,,,,
Soy sauce,flavor,10 oz,,,,
Vegetable oil,flavor,48 oz,,,,
Olive oil,flavor,16.9 oz,,,,
Butter,flavor,1 lb,,,,Wegmans $2.99 with Shoppers Club (Lake Grove NY insert Oct 2025; not Rochester)
Salt,flavor,26 oz,,,,
Ground black pepper,flavor,2 oz,,,,
Garlic powder,flavor,3 oz,,,,
Onion powder,flavor,2.5 oz,,,,
Chili powder,flavor,2.5 oz,,,,
Ground cumin,flavor,2 oz,,,,
Paprika,flavor,2 oz,,,,
Italian seasoning,flavor,0.75 oz,,,,
Red pepper flakes,flavor,1.5 oz,,,,
Taco seasoning packet,flavor,1 oz,,,,
Hot sauce,flavor,5 oz,,,,
Ketchup,flavor,20 oz,,,,
Yellow mustard,flavor,8 oz,,,,
Mayonnaise,flavor,15 oz,,,,
Salsa,flavor,16 oz,,,,
Pasta sauce,flavor,24 oz,,,,Aldi 24 oz $1.65 (AOL 2025 article); verify
Chicken broth,flavor,32 oz,,,,Aldi 32 oz $1.85 (AOL 2025 article); verify
Bouillon cubes,flavor,24 ct,,,,
BBQ sauce,flavor,18 oz,,,,
Lemon juice,flavor,7.5 oz,,,,
White vinegar,flavor,32 oz,,,,
Sriracha,flavor,17 oz,,,,
Teriyaki sauce,flavor,10 oz,,,,
Sugar,flavor,4 lb,,,,Wegmans $2.49 with Shoppers Club (Lake Grove NY insert Oct 2025; not Rochester)
